program,vehicle,path,filename,lines,sha256,included_from_main_exactly,include_order,candidate_subsystems
Comanche055,Command Module,Comanche055/AGC_BLOCK_TWO_SELF-CHECK.agc,AGC_BLOCK_TWO_SELF-CHECK.agc,513,f86f1a02856b29a2cd01186a1a807fe4455b576624f8c4cb5876408677c83868,True,75,executive-waitlist-restart
Comanche055,Command Module,Comanche055/ALARM_AND_ABORT.agc,ALARM_AND_ABORT.agc,230,ffa2e17087ed8029c2d56018114c4c947d9c3d03e6b15b0b17b11c8fc24a2d0f,True,82,executive-waitlist-restart
Comanche055,Command Module,Comanche055/ANGLFIND.agc,ANGLFIND.agc,626,827f457bf6dd722ed1432991623dcb6165e4ddc74dcf2c8ce531f5c2d21c5487,True,17,unclassified
Comanche055,Command Module,Comanche055/ASSEMBLY_AND_OPERATION_INFORMATION.agc,ASSEMBLY_AND_OPERATION_INFORMATION.agc,1010,45d86ebb0dfd5bc5a49f3be7abb8876cb66da6823311446bac58a6795fc6c101,True,2,source-and-memory-layout
Comanche055,Command Module,Comanche055/AUTOMATIC_MANEUVERS.agc,AUTOMATIC_MANEUVERS.agc,504,b7803a69b1702f90b89d8ae1510d646569cee23876bb113db51aec9c315f990e,True,53,unclassified
Comanche055,Command Module,Comanche055/CM_BODY_ATTITUDE.agc,CM_BODY_ATTITUDE.agc,301,187481b79cf3ff3c911b724c34084b0471ab62e06b52726fbde7d0d59786475c,True,40,unclassified
Comanche055,Command Module,Comanche055/CM_ENTRY_DIGITAL_AUTOPILOT.agc,CM_ENTRY_DIGITAL_AUTOPILOT.agc,1273,14f76028ec691d72b326c551b4676da928c1c744eb3a2aff817b582d70df9e1d,True,56,vehicle-control
Comanche055,Command Module,Comanche055/CONIC_SUBROUTINES.agc,CONIC_SUBROUTINES.agc,1922,b71ca76c2835831676ed58e7708132fe30a239fedffaf8a17decea177569d6af,True,68,interpreter-and-numerics
Comanche055,Command Module,Comanche055/CONTRACT_AND_APPROVALS.agc,CONTRACT_AND_APPROVALS.agc,73,769c1db20e0a9cb511ee16987700db047996dbec46f1a57b3eec4919f81a321d,True,1,unclassified
Comanche055,Command Module,Comanche055/CSM_GEOMETRY.agc,CSM_GEOMETRY.agc,415,93414cefa5c6ed833b4bc0610c5055a2ded393aea6938dc65d13cf2b717bc101,True,13,guidance-and-navigation
Comanche055,Command Module,Comanche055/DISPLAY_INTERFACE_ROUTINES.agc,DISPLAY_INTERFACE_ROUTINES.agc,1476,907f3b7502551a91de5b0aa772355038e3b39098670aab98fe31023e5f8fbd8a,True,80,dsky-and-crew-interface
Comanche055,Command Module,Comanche055/DOWN-TELEMETRY_PROGRAM.agc,DOWN-TELEMETRY_PROGRAM.agc,441,d8babb9b0e0677f441411eed3ab6919a70a6aa95cbb49388813731e6c2348e74,True,57,communications-sensors-and-telemetry
Comanche055,Command Module,Comanche055/DOWNLINK_LISTS.agc,DOWNLINK_LISTS.agc,411,1a9814350cf0d8cd9bf3e4c5e6da3adfa617754c4c6d6efe7f1986644eba0e32,True,7,communications-sensors-and-telemetry
Comanche055,Command Module,Comanche055/ENTRY_LEXICON.agc,ENTRY_LEXICON.agc,299,61dfe49679a2e60f45a737aeb1bbbc1114bbaee67d7ff30d47b9f35587f01e91,True,38,unclassified
Comanche055,Command Module,Comanche055/ERASABLE_ASSIGNMENTS.agc,ERASABLE_ASSIGNMENTS.agc,3785,f62df826c0cd678f4788ca7275d8ffccec229f9859c02839f1d944359c01ee58,True,4,source-and-memory-layout
Comanche055,Command Module,Comanche055/EXECUTIVE.agc,EXECUTIVE.agc,496,d76a32a7fe3168d949dfa13af819695d019bfe3a86e1a4782003237ed146b14b,True,63,executive-waitlist-restart
Comanche055,Command Module,Comanche055/EXTENDED_VERBS.agc,EXTENDED_VERBS.agc,1315,823f56eca59e7f5379a62b1c903b7bbc01a264aca420f9090a86e35c1f112195,True,11,dsky-and-crew-interface
Comanche055,Command Module,Comanche055/FIXED_FIXED_CONSTANT_POOL.agc,FIXED_FIXED_CONSTANT_POOL.agc,263,1e2f7706589fb469347fed55f294c867ffa7c7cb46f7873c0cb11deef5d48be8,True,60,source-and-memory-layout
Comanche055,Command Module,Comanche055/FRESH_START_AND_RESTART.agc,FRESH_START_AND_RESTART.agc,1480,d208d482531e01c2ffe48fca059117220d922c750b3936f0a046e9ea9499ae59,True,8,executive-waitlist-restart
Comanche055,Command Module,Comanche055/GIMBAL_LOCK_AVOIDANCE.agc,GIMBAL_LOCK_AVOIDANCE.agc,98,f870ac2ba6f231a42d59459db8d027171f6b2a00e61e84f6da66e4b4856cd3f0,True,18,vehicle-control
Comanche055,Command Module,Comanche055/GROUND_TRACKING_DETERMINATION_PROGRAM.agc,GROUND_TRACKING_DETERMINATION_PROGRAM.agc,205,78875ef9f79433fa096eb975dd9658709cd2e4ea09cff47e2165c74251489f1b,True,22,unclassified
Comanche055,Command Module,Comanche055/IMU_CALIBRATION_AND_ALIGNMENT.agc,IMU_CALIBRATION_AND_ALIGNMENT.agc,1406,0f912428b5bde06a8bae27432f9c56679cfe5cfc2d1ee5eeadf80a37cf98185c,True,21,communications-sensors-and-telemetry;guidance-and-navigation
Comanche055,Command Module,Comanche055/IMU_COMPENSATION_PACKAGE.agc,IMU_COMPENSATION_PACKAGE.agc,368,fe2e800173b6c7e607d03c0b06a58b517b4faae2f8400e74b98b36b54e10cf19,True,14,communications-sensors-and-telemetry
Comanche055,Command Module,Comanche055/IMU_MODE_SWITCHING_ROUTINES.agc,IMU_MODE_SWITCHING_ROUTINES.agc,1066,bcc7f8e4819e191b159673ef27463c93ba3052fddcc14dba36d7a28e16b860eb,True,78,communications-sensors-and-telemetry
Comanche055,Command Module,Comanche055/INFLIGHT_ALIGNMENT_ROUTINES.agc,INFLIGHT_ALIGNMENT_ROUTINES.agc,304,91635bbc0cf874075cdeeb9c8f7da291f340f8114841c0f34c9d1067d250b440,True,71,guidance-and-navigation
Comanche055,Command Module,Comanche055/INTEGRATION_INITIALIZATION.agc,INTEGRATION_INITIALIZATION.agc,1174,b20c7f84fdc4a0748ad0a957a2b8f6d0e0a9296bad9c4dbec80f9962ebf13579,True,69,interpreter-and-numerics
Comanche055,Command Module,Comanche055/INTER-BANK_COMMUNICATION.agc,INTER-BANK_COMMUNICATION.agc,183,42f815caec6cba78fa7a084186d25cbd5bd1a576e7b9e149e429cf3e886b0785,True,58,executive-waitlist-restart
Comanche055,Command Module,Comanche055/INTERPRETER.agc,INTERPRETER.agc,3063,724087beda6d5b61ad6719d551b3a22262b32f61a121bef94343af5e0bb2005b,True,59,interpreter-and-numerics
Comanche055,Command Module,Comanche055/INTERPRETIVE_CONSTANTS.agc,INTERPRETIVE_CONSTANTS.agc,82,494c6ae0e8fc59eb6d896e51f3af791aae13bb66fbf55a798cb6e2b3c807570f,True,61,interpreter-and-numerics
Comanche055,Command Module,Comanche055/INTERRUPT_LEAD_INS.agc,INTERRUPT_LEAD_INS.agc,122,14f01c6f85b23b46421a7d6dd98e731bd48c5a42a19baa5b6fed182a020860e0,True,5,interrupts-and-timing
Comanche055,Command Module,Comanche055/JET_SELECTION_LOGIC.agc,JET_SELECTION_LOGIC.agc,920,e626c5273e96df95e3e0f243842bd32005537910554475e3dde3e2f48bdffbd4,True,55,vehicle-control
Comanche055,Command Module,Comanche055/KALCMANU_STEERING.agc,KALCMANU_STEERING.agc,265,06e71db5a48ba879b3cf730693a7a6e4db3f433a2ed95dcfceaf23dee11487fa,True,19,vehicle-control
Comanche055,Command Module,Comanche055/KEYRUPT_UPRUPT.agc,KEYRUPT_UPRUPT.agc,136,237b42cd68c12d5b5772371667db864ae4ebc21b0c5b0aee6d74788855802c4a,True,79,interrupts-and-timing
Comanche055,Command Module,Comanche055/LATITUDE_LONGITUDE_SUBROUTINES.agc,LATITUDE_LONGITUDE_SUBROUTINES.agc,317,4536be1087aa877bffde066a745cdd139e7a7edb5433647cff8a143923c143b2,True,65,interpreter-and-numerics
Comanche055,Command Module,Comanche055/LUNAR_AND_SOLAR_EPHEMERIDES_SUBROUTINES.agc,LUNAR_AND_SOLAR_EPHEMERIDES_SUBROUTINES.agc,198,c82884ddf780b9c95baf68ba939a7cfedaaf081ecc12f004136ab3eb5ce91daa,True,35,guidance-and-navigation
Comanche055,Command Module,Comanche055/LUNAR_LANDMARK_SELECTION_FOR_CM.agc,LUNAR_LANDMARK_SELECTION_FOR_CM.agc,35,e8c35fcbdcaa3692cac397e54ab92271ef47df137bc6b939f9fe243162ddf515,True,43,unclassified
Comanche055,Command Module,Comanche055/MAIN.agc,MAIN.agc,99,99e7a79aafa8c68fc93131de7a698faf28a7d8cc2a8e7c0c4d3d79bc7ba674f6,False,,unclassified
Comanche055,Command Module,Comanche055/MEASUREMENT_INCORPORATION.agc,MEASUREMENT_INCORPORATION.agc,496,07939648f0f52a6b3dae03f6246acbbf28d66d36cf51c98936cc00b0d1e070a9,True,67,interpreter-and-numerics
Comanche055,Command Module,Comanche055/MYSUBS.agc,MYSUBS.agc,93,eed144c40c1ea8d938c4cced7906f12662f2e9df6d11ba551a869f5a6a038c84,True,51,unclassified
Comanche055,Command Module,Comanche055/ORBITAL_INTEGRATION.agc,ORBITAL_INTEGRATION.agc,944,51b8d71bb224528f35848d06cfbd552bb8da7874ed3ce87f3c023fbf9e05441b,True,70,interpreter-and-numerics
Comanche055,Command Module,Comanche055/P11.agc,P11.agc,928,6e4354e10fb62c7db74c60293ae3442136d6886fd6301c24966b974846985a99,True,28,mission-programs-and-routines
Comanche055,Command Module,Comanche055/P20-P25.agc,P20-P25.agc,3529,5820c39ddbaaf3537fdc6f35ce18e8591d0e3c535c0a9f18bd536b69bc2f50f5,True,30,mission-programs-and-routines
Comanche055,Command Module,Comanche055/P30-P37.agc,P30-P37.agc,611,e758ec3710c3f82e7e243a85552f20b8ea25028d621b6f62276b88326869fc8d,True,31,mission-programs-and-routines
Comanche055,Command Module,Comanche055/P32-P33_P72-P73.agc,P32-P33_P72-P73.agc,1415,60a18e541426e952deea775bd0ae625d2345c284ac9726a2647032ee9ce4ccc3,True,32,mission-programs-and-routines
Comanche055,Command Module,Comanche055/P34-35_P74-75.agc,P34-35_P74-75.agc,1739,d37b58d887c59bfaaca5506a13a9a7761d4e44ad7bcfeab34c8a59e47863f106,True,23,mission-programs-and-routines
Comanche055,Command Module,Comanche055/P37_P70.agc,P37_P70.agc,1950,c91e95ca3befe5cf49b39c78af6f38758b115726a5fc7a3c28a3006abcfccf86,True,41,mission-programs-and-routines
Comanche055,Command Module,Comanche055/P40-P47.agc,P40-P47.agc,2429,5861ed6fd0b6b773c6c0ee5ab0099fcf9509a8fa1263823609ad844ec263f834,True,33,mission-programs-and-routines
Comanche055,Command Module,Comanche055/P51-P53.agc,P51-P53.agc,2213,8ca37189556a5030fe1d42037a2c97a8e6b4163b185f8e1d663cad61ca234120,True,34,mission-programs-and-routines
Comanche055,Command Module,Comanche055/P61-P67.agc,P61-P67.agc,1225,49cc72bb29fceae82c5a40ffd2e8d1dd62264e9a55f920e81c8f3ae8d5d20172,True,36,mission-programs-and-routines
Comanche055,Command Module,Comanche055/P76.agc,P76.agc,162,7158438364f09c0e6a4788ab83a176ef0833760757df5dee27bbf4f4be43a68a,True,25,mission-programs-and-routines
Comanche055,Command Module,Comanche055/PHASE_TABLE_MAINTENANCE.agc,PHASE_TABLE_MAINTENANCE.agc,416,6f7fb5f01f38d0162c481cb4180173c360f467b2c2f75c080f3675ed8c9e1966,True,76,executive-waitlist-restart
Comanche055,Command Module,Comanche055/PINBALL_GAME_BUTTONS_AND_LIGHTS.agc,PINBALL_GAME_BUTTONS_AND_LIGHTS.agc,3809,21a920f64b0c4efa416d230cecc2d6a448e53a455402a079c0085f486c0645ac,True,15,dsky-and-crew-interface
Comanche055,Command Module,Comanche055/PINBALL_NOUN_TABLES.agc,PINBALL_NOUN_TABLES.agc,861,d90a466da20a0811690c812b2af0a0c9338a589d2b18c2e0ef1054e9ce563e7f,True,12,dsky-and-crew-interface
Comanche055,Command Module,Comanche055/PLANETARY_INERTIAL_ORIENTATION.agc,PLANETARY_INERTIAL_ORIENTATION.agc,386,cea7b46a08c28f155428fbdfbc22a378fecdabed1390b053fa883d145cdcfef7,True,66,unclassified
Comanche055,Command Module,Comanche055/POWERED_FLIGHT_SUBROUTINES.agc,POWERED_FLIGHT_SUBROUTINES.agc,371,dbf2f3db7c28220733b86b30b994cfccf29f4cfce0c4e59084c13bdbeccc5766,True,72,unclassified
Comanche055,Command Module,Comanche055/R30.agc,R30.agc,485,412fbc54a7f99ea193e85c3ea739319eaf8ab489558ba5165a6482d6c51c6d9b,True,26,mission-programs-and-routines
Comanche055,Command Module,Comanche055/R31.agc,R31.agc,290,94af1db0793427cefee250133313bb00cdbf92274d01e67dafa7ae8b82d14118,True,24,mission-programs-and-routines
Comanche055,Command Module,Comanche055/R60_62.agc,R60_62.agc,385,d3357adf3da2436167e2db289813ad0411b206623c0117ba8679b998b7c81c6f,True,16,mission-programs-and-routines
Comanche055,Command Module,Comanche055/RCS-CSM_DAP_EXECUTIVE_PROGRAMS.agc,RCS-CSM_DAP_EXECUTIVE_PROGRAMS.agc,85,b38c7eb94508538436094e2b8f1b7271a5cb733a80a6f1b522548a43695cd688,True,54,executive-waitlist-restart;vehicle-control
Comanche055,Command Module,Comanche055/RCS-CSM_DIGITAL_AUTOPILOT.agc,RCS-CSM_DIGITAL_AUTOPILOT.agc,975,9b4c9acb5836870ceb53a4203b8db334728e96b8ce2b1ea02da151d17b5f0966,True,52,vehicle-control
Comanche055,Command Module,Comanche055/REENTRY_CONTROL.agc,REENTRY_CONTROL.agc,1609,47788f4f2139d31f9f87f63c33518b49b193ff762f9b3c1259d76f2074dcf408,True,39,unclassified
Comanche055,Command Module,Comanche055/RESTARTS_ROUTINE.agc,RESTARTS_ROUTINE.agc,337,490811f02cb07b69e98d9c558ed156f82e95d8735f29827edf8fe2fd6366efcc,True,77,executive-waitlist-restart
Comanche055,Command Module,Comanche055/RESTART_TABLES.agc,RESTART_TABLES.agc,549,4ed25b96c1e8582bf1656b433e0212eb6c9f5528348b40f5c7117a1964ab9994,True,9,executive-waitlist-restart
Comanche055,Command Module,Comanche055/RT8_OP_CODES.agc,RT8_OP_CODES.agc,358,ca3b0388b70ca5e1f811f96912801e9feccf030ddafbd72970cceb69a9ae2988,True,84,unclassified
Comanche055,Command Module,Comanche055/S-BAND_ANTENNA_FOR_CM.agc,S-BAND_ANTENNA_FOR_CM.agc,128,0941ac5d3aeb3f5788bc9a55e96a33e2cf7b58c16e4d0eef6a8c4134592de061,True,42,communications-sensors-and-telemetry
Comanche055,Command Module,Comanche055/SERVICER207.agc,SERVICER207.agc,824,35ca5c1acce244eabdca91039a121c13b7207a24433f860c0cb14878e8366fb2,True,37,unclassified
Comanche055,Command Module,Comanche055/SERVICE_ROUTINES.agc,SERVICE_ROUTINES.agc,279,8e1230e91087a78e0e4728f8541f14bffce63854a7f8f61e712741dde83776bd,True,81,executive-waitlist-restart
Comanche055,Command Module,Comanche055/SINGLE_PRECISION_SUBROUTINES.agc,SINGLE_PRECISION_SUBROUTINES.agc,67,768303431e1f6f0d83b63b8d68663755167e9dd4c869f79d364b0e82ef9aea64,True,62,interpreter-and-numerics
Comanche055,Command Module,Comanche055/STABLE_ORBIT.agc,STABLE_ORBIT.agc,422,ced73fe04353aa9e58b875714fc8f4769e75b776622f7d6994e929b68374fc55,True,27,guidance-and-navigation
Comanche055,Command Module,Comanche055/STAR_TABLES.agc,STAR_TABLES.agc,193,855789b2d7726487248812224bbe2edd4f6f6b1503e28aeb57254bf261111742,True,74,unclassified
Comanche055,Command Module,Comanche055/SXTMARK.agc,SXTMARK.agc,659,c66edb02d02b0528a761d21befb9ae0c95966291f4e25c34e17532c9e59e7540,True,10,communications-sensors-and-telemetry
Comanche055,Command Module,Comanche055/SYSTEM_TEST_STANDARD_LEAD_INS.agc,SYSTEM_TEST_STANDARD_LEAD_INS.agc,150,1cfc04b134e2f25a8039e0d210aa1e432147da9ef3c52e0a3d0dc301ba1b3cec,True,20,unclassified
Comanche055,Command Module,Comanche055/T4RUPT_PROGRAM.agc,T4RUPT_PROGRAM.agc,1467,20b52ef7120318816300f30101f8ddc45def0d87153991086a61dd8684e42401,True,6,interrupts-and-timing
Comanche055,Command Module,Comanche055/TAGS_FOR_RELATIVE_SETLOC.agc,TAGS_FOR_RELATIVE_SETLOC.agc,435,c62e691808a6cbaa72d4f7850df8c943d77dee33e78c002ed88c944de2c01054,True,3,source-and-memory-layout
Comanche055,Command Module,Comanche055/TIME_OF_FREE_FALL.agc,TIME_OF_FREE_FALL.agc,683,f33bb7ec69f9d83aa2af7dadefc8e474632e73315d91133e5d4ac8f7825f9ff5,True,73,interpreter-and-numerics
Comanche055,Command Module,Comanche055/TPI_SEARCH.agc,TPI_SEARCH.agc,552,7e07913f963e312eb5145dfa71832012a2f9ab2d699ada4ddd397bde518e5ec2,True,29,unclassified
Comanche055,Command Module,Comanche055/TVCDAPS.agc,TVCDAPS.agc,784,21d54203ecc6dae03f693943305486215212989ff907250f04e16d850b47c633,True,48,vehicle-control
Comanche055,Command Module,Comanche055/TVCEXECUTIVE.agc,TVCEXECUTIVE.agc,276,db23079b9f12369d550b9658a5fb9a9adf52b798735c17e408cd36ff1aed5594,True,45,executive-waitlist-restart;vehicle-control
Comanche055,Command Module,Comanche055/TVCINITIALIZE.agc,TVCINITIALIZE.agc,414,ddc0ee4a00a30a7145d4204350833182658aacfbd38dccf84171a22adc81aee8,True,44,vehicle-control
Comanche055,Command Module,Comanche055/TVCMASSPROP.agc,TVCMASSPROP.agc,245,21b48d0bb13356fe66517c4210f3d45cdabb0a5e67c88ef6327de4b3e4da4b47,True,46,vehicle-control
Comanche055,Command Module,Comanche055/TVCRESTARTS.agc,TVCRESTARTS.agc,256,eb36e5be74c986022d1cb1adbab3da3de222d9e9675a13d75992f621e5738ac1,True,47,executive-waitlist-restart;vehicle-control
Comanche055,Command Module,Comanche055/TVCROLLDAP.agc,TVCROLLDAP.agc,619,e428b4f8811ab77ba4088c91dd170effb016b3dc9f46998ba59bb3ff48cf14c9,True,50,vehicle-control
Comanche055,Command Module,Comanche055/TVCSTROKETEST.agc,TVCSTROKETEST.agc,260,7e604c406a0d05af10a021e2862384c15a23b95accaa04ce06c08426345703f1,True,49,vehicle-control
Comanche055,Command Module,Comanche055/UPDATE_PROGRAM.agc,UPDATE_PROGRAM.agc,555,d41dbe2cafed15061ac3744bd6fabc0da30aee43d0210c7d2011a0f07f75fe6d,True,83,unclassified
Comanche055,Command Module,Comanche055/WAITLIST.agc,WAITLIST.agc,556,a92a9cc370ce6a6bc22febbcc03e342392e899bad06f7e649839b597e1c8edd3,True,64,executive-waitlist-restart
Luminary099,Lunar Module,Luminary099/AGC_BLOCK_TWO_SELF_CHECK.agc,AGC_BLOCK_TWO_SELF_CHECK.agc,513,fce563bb8f9c943a3c90242491f002f2b2ebd0b7610d47105ecb669312fcaa9c,True,70,executive-waitlist-restart
Luminary099,Lunar Module,Luminary099/AGS_INITIALIZATION.agc,AGS_INITIALIZATION.agc,228,658648f1bdac76929efdfe98fc23676e467d167645310c685bf1479c97da77fa,True,11,unclassified
Luminary099,Lunar Module,Luminary099/ALARM_AND_ABORT.agc,ALARM_AND_ABORT.agc,251,74236d3b94048b14efb776d7fff5ae66acac2f950e5bc03ca375d4b90b4484a8,True,77,executive-waitlist-restart
Luminary099,Lunar Module,Luminary099/AOSTASK_AND_AOSJOB.agc,AOSTASK_AND_AOSJOB.agc,1069,f6bf6c63faf9895681da9fecc7a0c8531644140cb71e15c331ff8a990e6bacbe,True,88,unclassified
Luminary099,Lunar Module,Luminary099/AOTMARK.agc,AOTMARK.agc,695,2feea8e6e449cd1eb814a482dcdb75f4b0ff4364058095f28efd7ce1df5db25a,True,14,communications-sensors-and-telemetry
Luminary099,Lunar Module,Luminary099/ASCENT_GUIDANCE.agc,ASCENT_GUIDANCE.agc,647,bfcd1300884bc8ab69748562fe287178f56bdfe9b7f13460b6ae73a1db3406a2,True,47,guidance-and-navigation
Luminary099,Lunar Module,Luminary099/ASSEMBLY_AND_OPERATION_INFORMATION.agc,ASSEMBLY_AND_OPERATION_INFORMATION.agc,1069,b184fc58454158b607b9c5132ed88431603fe2617d2c56f80c22af49236eb0d6,True,1,source-and-memory-layout
Luminary099,Lunar Module,Luminary099/ATTITUDE_MANEUVER_ROUTINE.agc,ATTITUDE_MANEUVER_ROUTINE.agc,1027,ce059a77e621dc2b0df032410206e3da672d88d065114b533fa3e74a997f0443,True,20,guidance-and-navigation
Luminary099,Lunar Module,Luminary099/BURN_BABY_BURN--MASTER_IGNITION_ROUTINE.agc,BURN_BABY_BURN--MASTER_IGNITION_ROUTINE.agc,1059,7ed744d09332db172eaad0ca8432c243479d6d293ed387ee83eb0dd67c77f041,True,40,unclassified
Luminary099,Lunar Module,Luminary099/CONIC_SUBROUTINES.agc,CONIC_SUBROUTINES.agc,1864,26409d71cdac421bef8dd11aa336abb0abda64f5ebf994c825eecfa866640581,True,64,interpreter-and-numerics
Luminary099,Lunar Module,Luminary099/CONTROLLED_CONSTANTS.agc,CONTROLLED_CONSTANTS.agc,558,3aa13edd517b8bd47a88678b9c999566b9badc65686096aeb58301023422e8dc,True,3,source-and-memory-layout
Luminary099,Lunar Module,Luminary099/DAPIDLER_PROGRAM.agc,DAPIDLER_PROGRAM.agc,494,f86c480485f55088649ec83f35d950a5e8d95233ee480edc35fb5c4e8277b7e3,True,82,vehicle-control
Luminary099,Lunar Module,Luminary099/DAP_INTERFACE_SUBROUTINES.agc,DAP_INTERFACE_SUBROUTINES.agc,176,1156271d55ea1f47bf20602da2cefa9388a908b3dca5231650cc7f10895db776,True,81,vehicle-control
Luminary099,Lunar Module,Luminary099/DISPLAY_INTERFACE_ROUTINES.agc,DISPLAY_INTERFACE_ROUTINES.agc,1459,f4157c31239c14410fe9b74d416a08bf2f1f66f3fabe5a9c8a479e95fbe192da,True,75,dsky-and-crew-interface
Luminary099,Lunar Module,Luminary099/DOWNLINK_LISTS.agc,DOWNLINK_LISTS.agc,430,def08f047f1c2930f7067fe9b8cf480eb7d5783f47de7850c623836380c93e63,True,10,communications-sensors-and-telemetry
Luminary099,Lunar Module,Luminary099/DOWN_TELEMETRY_PROGRAM.agc,DOWN_TELEMETRY_PROGRAM.agc,455,34ee428bb987e1826148083af7c6879c33ed577a0eb415ae08ce4a7ad0453d9b,True,53,communications-sensors-and-telemetry
Luminary099,Lunar Module,Luminary099/ERASABLE_ASSIGNMENTS.agc,ERASABLE_ASSIGNMENTS.agc,2635,29d4d6d4c16b3ea2c00f6d29bc77ee6dbd7a236eaefb5d4384a0168ba0196139,True,6,source-and-memory-layout
Luminary099,Lunar Module,Luminary099/EXECUTIVE.agc,EXECUTIVE.agc,503,c0d9b157f4e517f949001f25e9f77887d1c6497cff7718f3d5b80ab7c1823f8d,True,59,executive-waitlist-restart
Luminary099,Lunar Module,Luminary099/EXTENDED_VERBS.agc,EXTENDED_VERBS.agc,1681,d6b54c7353ec90f84c467146d99e7da536ba7bea54fc31947031a97780b51eb4,True,15,dsky-and-crew-interface
Luminary099,Lunar Module,Luminary099/FINDCDUW--GUIDAP_INTERFACE.agc,FINDCDUW--GUIDAP_INTERFACE.agc,743,d749732ada1c3221d526fadcabf062a652dfb1d01e22bf6bab55bd02b8937d7f,True,50,vehicle-control
Luminary099,Lunar Module,Luminary099/FIXED_FIXED_CONSTANT_POOL.agc,FIXED_FIXED_CONSTANT_POOL.agc,264,7f139c2b553ce60f8c0ab8cf6242abef390c6a28858e45a4f1d80f0ff2c646b7,True,56,source-and-memory-layout
Luminary099,Lunar Module,Luminary099/FLAGWORD_ASSIGNMENTS.agc,FLAGWORD_ASSIGNMENTS.agc,1269,a863fbb2aebd05b98dd15773ad24f370a8efd7ace6a3e8f44ee35300e3613332,True,5,source-and-memory-layout
Luminary099,Lunar Module,Luminary099/FRESH_START_AND_RESTART.agc,FRESH_START_AND_RESTART.agc,1242,bc2d69173e60be4618ce39a1ab7e6f908d427c7edea1e79e09070d0931c55d9a,True,12,executive-waitlist-restart
Luminary099,Lunar Module,Luminary099/GENERAL_LAMBERT_AIMPOINT_GUIDANCE.agc,GENERAL_LAMBERT_AIMPOINT_GUIDANCE.agc,168,6e440a29d56167c2f48b7bc58c0d53491d596c61e8e7137dc3b349ad90c1dc10,False,,guidance-and-navigation
Luminary099,Lunar Module,Luminary099/GIMBAL_LOCK_AVOIDANCE.agc,GIMBAL_LOCK_AVOIDANCE.agc,76,5013aab57862f7f29ec2518223d61b879dfa7a2f87f4deb9e70385d69f3044b3,True,21,vehicle-control
Luminary099,Lunar Module,Luminary099/GROUND_TRACKING_DETERMINATION_PROGRAM.agc,GROUND_TRACKING_DETERMINATION_PROGRAM.agc,208,97cba32a43d7de44db0db00e5785f2d9c4bebbc4a6d7f058c0c3c13113855140,True,34,unclassified
Luminary099,Lunar Module,Luminary099/IMU_COMPENSATION_PACKAGE.agc,IMU_COMPENSATION_PACKAGE.agc,417,0b5c62e140514e58767ef3950fc3f3f381d607166f198f11348c3765c07f4ae8,True,18,communications-sensors-and-telemetry
Luminary099,Lunar Module,Luminary099/IMU_MODE_SWITCHING_ROUTINES.agc,IMU_MODE_SWITCHING_ROUTINES.agc,1067,351bc32a2cd12f8b74b4b47f2e77791f02d39b94fe16c891a8249be2af4295eb,True,73,communications-sensors-and-telemetry
Luminary099,Lunar Module,Luminary099/IMU_PERFORMANCE_TESTS_4.agc,IMU_PERFORMANCE_TESTS_4.agc,362,5fb543ce6aebfbc6d2e83f576b78b1d61ece37e88a2229b734d5c094aef6ea56,True,25,communications-sensors-and-telemetry
Luminary099,Lunar Module,Luminary099/IMU_PERFORMANCE_TEST_2.agc,IMU_PERFORMANCE_TEST_2.agc,421,80d973122d8212c2a0d6dbedfc061b0b91b44467422abe8a487b85137fa4c490,True,24,communications-sensors-and-telemetry
Luminary099,Lunar Module,Luminary099/INFLIGHT_ALIGNMENT_ROUTINES.agc,INFLIGHT_ALIGNMENT_ROUTINES.agc,300,9d5e5d467f4eeedd9aee8a2f068e646a5d43ba3ec93a83cec565554b0c3fa52c,True,67,guidance-and-navigation
Luminary099,Lunar Module,Luminary099/INPUT_OUTPUT_CHANNEL_BIT_DESCRIPTIONS.agc,INPUT_OUTPUT_CHANNEL_BIT_DESCRIPTIONS.agc,223,3b7a410d9af5de25e1aed779dd499bb63e199c63be815970e8902a2a575b6ad7,True,4,source-and-memory-layout
Luminary099,Lunar Module,Luminary099/INTEGRATION_INITIALIZATION.agc,INTEGRATION_INITIALIZATION.agc,1102,9e5db19ec31d6ea0eae45b34a98e500430ece23e546de8bcd83d0cd7275195fe,True,65,interpreter-and-numerics
Luminary099,Lunar Module,Luminary099/INTER-BANK_COMMUNICATION.agc,INTER-BANK_COMMUNICATION.agc,177,2b97deaee6af861b72af9f00043e15b38c0901e16574fb9e2e97ef6a647e0ced,True,54,executive-waitlist-restart
Luminary099,Lunar Module,Luminary099/INTERPRETER.agc,INTERPRETER.agc,3075,26c5741b10fcab167d9fd795995b4c2969a0bb6bfa81d7d55f85e4a3cdfc0a5e,True,55,interpreter-and-numerics
Luminary099,Lunar Module,Luminary099/INTERPRETIVE_CONSTANT.agc,INTERPRETIVE_CONSTANT.agc,81,30f22813f6d6f33f8202b65fa5895ebf535232e0437aaa9d02aec5b81e08d627,True,57,interpreter-and-numerics
Luminary099,Lunar Module,Luminary099/INTERRUPT_LEAD_INS.agc,INTERRUPT_LEAD_INS.agc,117,ed6f44b59b2e16743ff53c6c9ed72661040a83d846a61054a31e5c61957290c3,True,7,interrupts-and-timing
Luminary099,Lunar Module,Luminary099/KALCMANU_STEERING.agc,KALCMANU_STEERING.agc,221,6a330bb23cb8f6c15cd50ffe8550ffd7599d19fcd9b9c03f0b2fbe8f081c21da,True,22,vehicle-control
Luminary099,Lunar Module,Luminary099/KALMAN_FILTER.agc,KALMAN_FILTER.agc,101,f5f4df8e50c47d5fa54c7e51b756303ad484cb7b0aaa54fefa2e05b395588c8e,True,86,guidance-and-navigation
Luminary099,Lunar Module,Luminary099/KEYRUPT_UPRUPT.agc,KEYRUPT_UPRUPT.agc,130,e7e1633ff1305e689451634bf6cba496219b63a4a12f3ae028c74e3b65d840c1,True,74,interrupts-and-timing
Luminary099,Lunar Module,Luminary099/LANDING_ANALOG_DISPLAYS.agc,LANDING_ANALOG_DISPLAYS.agc,533,c07d1ef6d1a83375b0aa0f7be87ef4d496d396621501298932aa46466d2db34c,True,49,dsky-and-crew-interface
Luminary099,Lunar Module,Luminary099/LATITUDE_LONGITUDE_SUBROUTINES.agc,LATITUDE_LONGITUDE_SUBROUTINES.agc,306,5781f21292603392fc38aec45edbf8905ac7471c17c51c6dfe77593ba695bd46,True,61,interpreter-and-numerics
Luminary099,Lunar Module,Luminary099/LEM_GEOMETRY.agc,LEM_GEOMETRY.agc,206,6793dddb22af8b0ae7f73d735fabbc4336a0f6743c5d1965e5dab3350c1ce6d6,True,17,guidance-and-navigation
Luminary099,Lunar Module,Luminary099/LUNAR_AND_SOLAR_EPHEMERIDES_SUBROUTINES.agc,LUNAR_AND_SOLAR_EPHEMERIDES_SUBROUTINES.agc,183,2c1a3e5b406457704b18c503c2882b2a16f05fa29fe647682ac19a255f7638a6,True,52,guidance-and-navigation
Luminary099,Lunar Module,Luminary099/LUNAR_LANDING_GUIDANCE_EQUATIONS.agc,LUNAR_LANDING_GUIDANCE_EQUATIONS.agc,1474,90485ec45c9d2cf835888fc0d252e9f1502bd92c74820f492d3cb337ffd1b1d2,True,44,guidance-and-navigation
Luminary099,Lunar Module,Luminary099/MAIN.agc,MAIN.agc,91,2e7d98ca917aa9d3b82024070e2fdbd2b9da5d478ca2c93d6113ab3b365f2d1c,False,,unclassified
Luminary099,Lunar Module,Luminary099/MEASUREMENT_INCORPORATION.agc,MEASUREMENT_INCORPORATION.agc,495,735aebaba4df4159e83d48b4cbe509479a9d29fb66ce05adf4bcb79076302fdc,True,63,interpreter-and-numerics
Luminary099,Lunar Module,Luminary099/ORBITAL_INTEGRATION.agc,ORBITAL_INTEGRATION.agc,977,5fc234cd27586bf25918a05692b3e6849a433e0b62bfb1327c96ae06e2231b14,True,66,interpreter-and-numerics
Luminary099,Lunar Module,Luminary099/P-AXIS_RCS_AUTOPILOT.agc,P-AXIS_RCS_AUTOPILOT.agc,1056,6aa46513dcd7f1b77b41cbf847ce98dcdaec5a95bf4327d0a7c2df8adf937775,True,83,vehicle-control
Luminary099,Lunar Module,Luminary099/P12.agc,P12.agc,243,92061c017abffeac794f349bee080dcb01186b1188d95679ace07fecf6bc85de,True,46,mission-programs-and-routines
Luminary099,Lunar Module,Luminary099/P20-P25.agc,P20-P25.agc,5182,6dc2a57a2294158f6f4097c2dfec2d3fab4a600025f0d7d4652967e080aec11f,True,30,mission-programs-and-routines
Luminary099,Lunar Module,Luminary099/P30_P37.agc,P30_P37.agc,185,2ea604772395dcae064d0a23f4f475845cef39b3528d62d4adeac8e3aab9b573,True,31,mission-programs-and-routines
Luminary099,Lunar Module,Luminary099/P32-P35_P72-P75.agc,P32-P35_P72-P75.agc,1394,0fc78a6c5bcfd461bf1e9e7ffd11e5e4f93950595daf275bb2df2a9a08f149ec,True,32,mission-programs-and-routines
Luminary099,Lunar Module,Luminary099/P34-35_P74-75.agc,P34-35_P74-75.agc,1764,72a77c305a1cf2787dee65cab48896017e14143111680c6aa0f3e78e372433ed,True,35,mission-programs-and-routines
Luminary099,Lunar Module,Luminary099/P40-P47.agc,P40-P47.agc,1471,a030d323c75c05e3492e81522ab2a5c2ac493f7bc25c44686e6cb1c492c4540b,True,41,mission-programs-and-routines
Luminary099,Lunar Module,Luminary099/P51-P53.agc,P51-P53.agc,2341,becc16af5767c23bc14bcce9f89456f3f93fe7c81a0e00455cd5ca757ca4b0c2,True,51,mission-programs-and-routines
Luminary099,Lunar Module,Luminary099/P70-P71.agc,P70-P71.agc,439,1b272b7f53446243cb55591a0fac77888b38b2c97525cfe97fc5a8452a26427a,True,45,mission-programs-and-routines
Luminary099,Lunar Module,Luminary099/P76.agc,P76.agc,161,b94d0907e3d64318a3fd225ac8d0106109182d40646e3dcbdcffa354e3f08925,True,37,mission-programs-and-routines
Luminary099,Lunar Module,Luminary099/PHASE_TABLE_MAINTENANCE.agc,PHASE_TABLE_MAINTENANCE.agc,411,2cd8a2fd825e4cb350d1b69f6d36cd6ac24bdfe4c495c02b7a5ef8f1c5757293,True,71,executive-waitlist-restart
Luminary099,Lunar Module,Luminary099/PINBALL_GAME_BUTTONS_AND_LIGHTS.agc,PINBALL_GAME_BUTTONS_AND_LIGHTS.agc,3798,6fa52bb043446b2c4401ac68f41d780059b2cbe5d868cc08bb794eb0a9598729,True,26,dsky-and-crew-interface
Luminary099,Lunar Module,Luminary099/PINBALL_NOUN_TABLES.agc,PINBALL_NOUN_TABLES.agc,906,ec5e14a2647763b0136fc012d2648803183737e1e386daba1548158905c9b2b3,True,16,dsky-and-crew-interface
Luminary099,Lunar Module,Luminary099/PLANETARY_INERTIAL_ORIENTATION.agc,PLANETARY_INERTIAL_ORIENTATION.agc,385,a107b96fddaa1ea7fbbee375705d071ab1800f40e02803aeda39b89e895a1128,True,62,unclassified
Luminary099,Lunar Module,Luminary099/POWERED_FLIGHT_SUBROUTINES.agc,POWERED_FLIGHT_SUBROUTINES.agc,447,379505fe1429c8b0d6ef20d85bad9d8fb991083fd7202dc89c46e584f0ba92b1,True,68,unclassified
Luminary099,Lunar Module,Luminary099/Q_R-AXIS_RCS_AUTOPILOT.agc,Q_R-AXIS_RCS_AUTOPILOT.agc,860,c79584213ddacc0bdf6ceebb0b9bfe84c85eac69c124e28c5554a5585e5cdf3f,True,84,vehicle-control
Luminary099,Lunar Module,Luminary099/R30.agc,R30.agc,464,76b904d389476022d9c6dcef6788737385a4603cff81d1c9af1fd17d82dc76bd,True,38,mission-programs-and-routines
Luminary099,Lunar Module,Luminary099/R31.agc,R31.agc,266,cf6d473c416217944c5868907c26bdb1fa970b8020a3198cb0cbc991c0c0926f,True,36,mission-programs-and-routines
Luminary099,Lunar Module,Luminary099/R60_62.agc,R60_62.agc,577,23cf6099c20b0dacdb54b377db1208214f8fb9fee1fb09a6e1ae0337d14c83f6,True,27,mission-programs-and-routines
Luminary099,Lunar Module,Luminary099/R63.agc,R63.agc,156,e67df75ca6b4ad422e875f2b7924266d09a675172c1fd626555455f5a6fd62c6,True,19,mission-programs-and-routines
Luminary099,Lunar Module,Luminary099/RADAR_LEADIN_ROUTINES.agc,RADAR_LEADIN_ROUTINES.agc,103,f27f4f9372e56e41ad44a810945ce6247e1f931bfa4d3b5d114089732d80e0ad,True,29,communications-sensors-and-telemetry
Luminary099,Lunar Module,Luminary099/RCS_FAILURE_MONITOR.agc,RCS_FAILURE_MONITOR.agc,173,67c4190e4110b0dbdc476c1325fe0cbb9ae1b9d97b87d294d05ab4e6344231fc,True,9,unclassified
Luminary099,Lunar Module,Luminary099/RESTARTS_ROUTINE.agc,RESTARTS_ROUTINE.agc,323,42f22e578939222d5b0645e85d4c89b578b5200fb998db7dd95938feeb20eb61,True,72,executive-waitlist-restart
Luminary099,Lunar Module,Luminary099/RESTART_TABLES.agc,RESTART_TABLES.agc,293,1993b5da5ab382eaba5647a0dd07c09e52e25c36f624418ed125159c1eac7d59,True,13,executive-waitlist-restart
Luminary099,Lunar Module,Luminary099/RTB_OP_CODES.agc,RTB_OP_CODES.agc,236,0fab4ae2bc5c894160c9edc3ca5e61857db57a8e38b7ca005e3d55b38cc0446d,True,79,unclassified
Luminary099,Lunar Module,Luminary099/S-BAND_ANTENNA_FOR_LM.agc,S-BAND_ANTENNA_FOR_LM.agc,200,db15cd65a127318e4a5df1cf3d3fb733d5f95c02566b1da28afd632b96307ab2,True,28,communications-sensors-and-telemetry
Luminary099,Lunar Module,Luminary099/SERVICER.agc,SERVICER.agc,1715,4e3798d5dabcc7ecca813d762824f7dfc41ad352a9869a7526565fc3a05f4415,True,48,unclassified
Luminary099,Lunar Module,Luminary099/SERVICE_ROUTINES.agc,SERVICE_ROUTINES.agc,221,85369055c5261d1d778fbeba4463941a45aed96ef199adea707fe330bdb4d0ef,True,76,executive-waitlist-restart
Luminary099,Lunar Module,Luminary099/SINGLE_PRECISION_SUBROUTINES.agc,SINGLE_PRECISION_SUBROUTINES.agc,69,bebe6cbf186bed7fcc35f9aad8a392ccbe3cb31154ad8267d01a4926cc0dd3e4,True,58,interpreter-and-numerics
Luminary099,Lunar Module,Luminary099/SPS_BACK-UP_RCS_CONTROL.agc,SPS_BACK-UP_RCS_CONTROL.agc,196,9f690baf2347c8ac3d35e48cd66aca755341d0f1058cab36889781b170e1231d,True,89,unclassified
Luminary099,Lunar Module,Luminary099/STABLE_ORBIT.agc,STABLE_ORBIT.agc,436,d86512d6a5532e71b6ce9138aa1555dc6c8c367c7fa3726f4fdee3a4554e12d9,True,39,guidance-and-navigation
Luminary099,Lunar Module,Luminary099/SYSTEM_TEST_STANDARD_LEAD_INS.agc,SYSTEM_TEST_STANDARD_LEAD_INS.agc,125,6984a991e8adcb1f48e9de6e2f6018b8f7494b51b8a5f2f96b98026ed3e844e8,True,23,unclassified
Luminary099,Lunar Module,Luminary099/T4RUPT_PROGRAM.agc,T4RUPT_PROGRAM.agc,1354,122257791bb0d692e1e7a3a8aeae826272cbb2f250444497e4077de7cb8fbd49,True,8,interrupts-and-timing
Luminary099,Lunar Module,Luminary099/T6-RUPT_PROGRAMS.agc,T6-RUPT_PROGRAMS.agc,163,76f234ba5ac0e8e3516f935e674761cb4bba455b07543cd10e16c9d1f5caaa87,True,80,interrupts-and-timing
Luminary099,Lunar Module,Luminary099/TAGS_FOR_RELATIVE_SETLOC.agc,TAGS_FOR_RELATIVE_SETLOC.agc,347,cbffb67643bfefe4b19f5d9f7e800ec9a60bf3cf9dce9ce096e2f4effe641f5d,True,2,source-and-memory-layout
Luminary099,Lunar Module,Luminary099/THE_LUNAR_LANDING.agc,THE_LUNAR_LANDING.agc,335,8c5c8b125bad79fdce8838bea3871481942d9b75694dc538bd032d54e63e952f,True,42,guidance-and-navigation
Luminary099,Lunar Module,Luminary099/THROTTLE_CONTROL_ROUTINES.agc,THROTTLE_CONTROL_ROUTINES.agc,224,68a812f18e678248d64ea62a56284e6a8a415925ea41ab8e35293f94a0c22efe,True,43,vehicle-control
Luminary099,Lunar Module,Luminary099/TIME_OF_FREE_FALL.agc,TIME_OF_FREE_FALL.agc,721,e49235d5d0b1de4082524112a7dd7ac1df1d99e5ba9ee86e9e607ad54b15fa67,True,69,interpreter-and-numerics
Luminary099,Lunar Module,Luminary099/TJET_LAW.agc,TJET_LAW.agc,519,10c99519ea474da9b969dd64652ea6a2a6f739be0cc3fdb6a30e3bb619b80e2c,True,85,unclassified
Luminary099,Lunar Module,Luminary099/TRIM_GIMBAL_CONTROL_SYSTEM.agc,TRIM_GIMBAL_CONTROL_SYSTEM.agc,617,13da16e475f7d0610ee90d73b5676d2ff0704fb8b79f7651c97e0a32e16b256a,False,,vehicle-control
Luminary099,Lunar Module,Luminary099/UPDATE_PROGRAM.agc,UPDATE_PROGRAM.agc,556,5f54e9c63cf0af039a8a435aa3ba86ad933e3b921366388ee115460da5c9f7f6,True,78,unclassified
Luminary099,Lunar Module,Luminary099/WAITLIST.agc,WAITLIST.agc,564,ca0092971efa3cafcdd8f7dad06a0980f999993f9dbc2e1c68cc764c41f7f0f0,True,60,executive-waitlist-restart
